{"_wandb":{"runtime":0},"acc":0.7735779633992721,"loss":0.25712384375785236,"_timestamp":1.7421707378118284e+09,"_runtime":0.5625128,"_step":7}