{"train_loss":-964.3902893066406,"_wandb":{"runtime":4497},"batch_loss":-974.5159301757812,"_timestamp":1.7456033919710186e+09,"_runtime":4496.1383975,"_step":749,"val_loss":-1055.0826568603516,"epoch":50}