{"_timestamp":1.7452230082608585e+09,"_runtime":3754.0034067,"epoch_loss":-1226.5811631944443,"_wandb":{"runtime":3754},"_step":949,"batch_loss":-1193.29052734375}