{"epoch_loss":-760.9588250054253,"_wandb":{"runtime":1619},"_step":569,"batch_loss":-770.09228515625,"_timestamp":1.7452186403670511e+09,"_runtime":1618.6537031}