{"epoch_loss":-386.2097930908203,"_wandb":{"runtime":557},"_timestamp":1.7452151290211222e+09,"_runtime":557.0503444,"_step":189,"batch_loss":-395.8862609863281}